[
    { "id": 1, "pot_id": "POT123", "pot_type": "AM", "pot_status": "Pending", "pot_index": "1" },
    { "id": 2, "pot_id": "POT124", "pot_type": "POM", "pot_status": "Pending", "pot_index": "2" },
    { "id": 3, "pot_id": "POT125", "pot_type": "POM", "pot_status": "Pending", "pot_index": "3" },
    { "id": 4, "pot_id": "POT126", "pot_type": "AM", "pot_status": "Pending", "pot_index": "4" },
    { "id": 5, "pot_id": "POT127", "pot_type": "AM", "pot_status": "Pending", "pot_index": "5" },
    { "id": 6, "pot_id": "POT128", "pot_type": "POM", "pot_status": "Pending", "pot_index": "6" },
    { "id": 7, "pot_id": "POT129", "pot_type": "POM", "pot_status": "Pending", "pot_index": "7" },
    { "id": 8, "pot_id": "POT130", "pot_type": "AM", "pot_status": "Pending", "pot_index": "8" }
]